{"cameraMode":{"drawMode":0,"name":"Shaded","section":"Shading Mode"},"sceneLighting":false,"audioPlay":false,"sceneViewState":{"m_AlwaysRefresh":false,"showFog":true,"showSkybox":false,"showFlares":true,"showImageEffects":true,"showParticleSystems":true,"showVisualEffectGraphs":true,"m_FxEnabled":true},"in2DMode":false,"pivot":{"x":-0.013422584161162377,"y":0.11916747689247132,"z":-0.17993327975273133},"rotation":{"x":0.058266531676054,"y":-0.13139835000038148,"z":0.0077280220575630669,"w":0.9895784258842468},"size":0.26007363200187685,"orthographic":false}